('E\x10\x00<\x8f\xcb@\x00@\x06\xac\xde\x7f\x00\x00\x01\x7f\x00\x00\x01\xc1\x1a\x19\xe9\x82\xacZ\x19\x00\x00\x00\x00\xa0\x02\x80\x18\xfe0\x00\x00\x02\x04@\x0c\x04\x02\x08\n\x00\x08\xd5\xd2\x00\x00\x00\x00\x01\x03\x03\x06', ('127.0.0.1', 0))
('E\x00\x00<\x00\x00@\x00@\x06<\xba\x7f\x00\x00\x01\x7f\x00\x00\x01\x19\xe9\xc1\x1a\x15\x14\xea\xdc\x82\xacZ\x1a\xa0\x12\x80\x00\xfe0\x00\x00\x02\x04@\x0c\x04\x02\x08\n\x00\x08\xd5\xd2\x00\x08\xd5\xd2\x01\x03\x03\x06', ('127.0.0.1', 0))
('E\x10\x004\x8f\xcc@\x00@\x06\xac\xe5\x7f\x00\x00\x01\x7f\x00\x00\x01\xc1\x1a\x19\xe9\x82\xacZ\x1a\x15\x14\xea\xdd\x80\x10\x02\x01\xfe(\x00\x00\x01\x01\x08\n\x00\x08\xd5\xd2\x00\x08\xd5\xd2', ('127.0.0.1', 0))
('E\x10\x004\x8f\xcd@\x00@\x06\xac\xe4\x7f\x00\x00\x01\x7f\x00\x00\x01\xc1\x1a\x19\xe9\x82\xacZ\x1a\x15\x14\xea\xdd\x80\x11\x02\x01\xfe(\x00\x00\x01\x01\x08\n\x00\x08\xd5\xd2\x00\x08\xd5\xd2', ('127.0.0.1', 0))
('E\x00\x004?\x0f@\x00@\x06\xfd\xb2\x7f\x00\x00\x01\x7f\x00\x00\x01\x19\xe9\xc1\x1a\x15\x14\xea\xdd\x82\xacZ\x1b\x80\x10\x02\x00\xfe(\x00\x00\x01\x01\x08\n\x00\x08\xd5\xd3\x00\x08\xd5\xd2', ('127.0.0.1', 0))
('E\x00\x00<?\x10@\x00@\x06\xfd\xa9\x7f\x00\x00\x01\x7f\x00\x00\x01\x19\xe9\xc1\x1a\x15\x14\xea\xdd\x82\xacZ\x1b\x80\x18\x02\x00\xfe0\x00\x00\x01\x01\x08\n\x00\x08\xd5\xd7\x00\x08\xd5\xd2\x01\x00\x00\x08\x00\x00\x00~', ('127.0.0.1', 0))
('E\x00\x00(\x00\x00@\x00@\x06<\xce\x7f\x00\x00\x01\x7f\x00\x00\x01\xc1\x1a\x19\xe9\x82\xacZ\x1b\x00\x00\x00\x00P\x04\x00\x00\xfa\x12\x00\x00', ('127.0.0.1', 0))
('E\x00\x00<b-@\x00@\x06\xda\x8c\x7f\x00\x00\x01\x7f\x00\x00\x01\xc1\x1b\x19\xe9\x97\xd5\xb7\xc1\x00\x00\x00\x00\xa0\x02\x80\x18\xfe0\x00\x00\x02\x04@\x0c\x04\x02\x08\n\x00\x08\xd5\xec\x00\x00\x00\x00\x01\x03\x03\x06', ('127.0.0.1', 0))
('E\x00\x00<\x00\x00@\x00@\x06<\xba\x7f\x00\x00\x01\x7f\x00\x00\x01\x19\xe9\xc1\x1b\xb6\xc8W.\x97\xd5\xb7\xc2\xa0\x12\x80\x00\xfe0\x00\x00\x02\x04@\x0c\x04\x02\x08\n\x00\x08\xd5\xec\x00\x08\xd5\xec\x01\x03\x03\x06', ('127.0.0.1', 0))
('E\x00\x004b.@\x00@\x06\xda\x93\x7f\x00\x00\x01\x7f\x00\x00\x01\xc1\x1b\x19\xe9\x97\xd5\xb7\xc2\xb6\xc8W/\x80\x10\x02\x01\xfe(\x00\x00\x01\x01\x08\n\x00\x08\xd5\xec\x00\x08\xd5\xec', ('127.0.0.1', 0))
('E\x00\x00<b/@\x00@\x06\xda\x8a\x7f\x00\x00\x01\x7f\x00\x00\x01\xc1\x1b\x19\xe9\x97\xd5\xb7\xc2\xb6\xc8W/\x80\x18\x02\x01\xfe0\x00\x00\x01\x01\x08\n\x00\x08\xd5\xec\x00\x08\xd5\xec\x01\x00\x00\x08\x00\x00\x00\t', ('127.0.0.1', 0))
('E\x00\x004\x82\xc3@\x00@\x06\xb9\xfe\x7f\x00\x00\x01\x7f\x00\x00\x01\x19\xe9\xc1\x1b\xb6\xc8W/\x97\xd5\xb7\xca\x80\x10\x02\x00\xfe(\x00\x00\x01\x01\x08\n\x00\x08\xd5\xec\x00\x08\xd5\xec', ('127.0.0.1', 0))
('E\x00\x00<\x82\xc4@\x00@\x06\xb9\xf5\x7f\x00\x00\x01\x7f\x00\x00\x01\x19\xe9\xc1\x1b\xb6\xc8W/\x97\xd5\xb7\xca\x80\x18\x02\x00\xfe0\x00\x00\x01\x01\x08\n\x00\x08\xd5\xf4\x00\x08\xd5\xec\x01\x00\x00\x08\x00\x00\x00\x7f', ('127.0.0.1', 0))
('E\x00\x004b0@\x00@\x06\xda\x91\x7f\x00\x00\x01\x7f\x00\x00\x01\xc1\x1b\x19\xe9\x97\xd5\xb7\xca\xb6\xc8W7\x80\x10\x02\x01\xfe(\x00\x00\x01\x01\x08\n\x00\x08\xd5\xf4\x00\x08\xd5\xf4', ('127.0.0.1', 0))
('E\x00\x00<\x82\xc5@\x00@\x06\xb9\xf4\x7f\x00\x00\x01\x7f\x00\x00\x01\x19\xe9\xc1\x1b\xb6\xc8W7\x97\xd5\xb7\xca\x80\x18\x02\x00\xfe0\x00\x00\x01\x01\x08\n\x00\x08\xd5\xf4\x00\x08\xd5\xf4\x01\x05\x00\x08\x00\x00\x00\x80', ('127.0.0.1', 0))
('E\x00\x004b1@\x00@\x06\xda\x90\x7f\x00\x00\x01\x7f\x00\x00\x01\xc1\x1b\x19\xe9\x97\xd5\xb7\xca\xb6\xc8W?\x80\x10\x02\x01\xfe(\x00\x00\x01\x01\x08\n\x00\x08\xd5\xf4\x00\x08\xd5\xf4', ('127.0.0.1', 0))
('E\x00\x00\xe4b2@\x00@\x06\xd9\xdf\x7f\x00\x00\x01\x7f\x00\x00\x01\xc1\x1b\x19\xe9\x97\xd5\xb7\xca\xb6\xc8W?\x80\x18\x02\x01\xfe\xd8\x00\x00\x01\x01\x08\n\x00\x08\xd5\xf4\x00\x08\xd5\xf4\x01\x06\x00\xb0\x00\x00\x00\x80\x00\x00\x00\x00\x00\x00\x00\x01\x00\x00\x01\x00\xff\x00\x00\x00\x00\x00\x00\xc7\x00\x00\x0f\xff\x00\x02\xfa\x89i\xbb\xfe\x04s1-eth2\x00\x00\x00\x00\x00\x00\x00\x00\x00\x00\x00\x00\x00\x00\x00\x00\x00\x00\x00\x00\xc0\x00\x00\x00\x00\x00\x00\x00\x00\x00\x00\x00\x00\xff\xfeV\x1c\x10\xe4\xd4Gs1\x00\x00\x00\x00\x00\x00\x00\x00\x00\x00\x00\x00\x00\x00\x00\x00\x00\x01\x00\x00\x00\x01\x00\x00\x00\x00\x00\x00\x00\x00\x00\x00\x00\x00\x00\x00\x00\x00\x00\x01\xeek\xa3\xce}\xefs1-eth1\x00\x00\x00\x00\x00\x00\x00\x00\x00\x00\x00\x00\x00\x00\x00\x00\x01\x00\x00\x00\xc0\x00\x00\x00\x00\x00\x00\x00\x00\x00\x00\x00\x00', ('127.0.0.1', 0))
('E\x00\x00@\x82\xc6@\x00@\x06\xb9\xef\x7f\x00\x00\x01\x7f\x00\x00\x01\x19\xe9\xc1\x1b\xb6\xc8W?\x97\xd5\xb8z\x80\x18\x02\x00\xfe4\x00\x00\x01\x01\x08\n\x00\x08\xd5\xf4\x00\x08\xd5\xf4\x01\t\x00\x0c\x00\x00\x00\x81\x00\x00\x00\x80', ('127.0.0.1', 0))
('E\x00\x004b3@\x00@\x06\xda\x8e\x7f\x00\x00\x01\x7f\x00\x00\x01\xc1\x1b\x19\xe9\x97\xd5\xb8z\xb6\xc8WK\x80\x10\x02\x01\xfe(\x00\x00\x01\x01\x08\n\x00\x08\xd5\xfe\x00\x08\xd5\xf4', ('127.0.0.1', 0))
('E\x00\x00\x84\x82\xc7@\x00@\x06\xb9\xaa\x7f\x00\x00\x01\x7f\x00\x00\x01\x19\xe9\xc1\x1b\xb6\xc8WK\x97\xd5\xb8z\x80\x18\x02\x00\xfex\x00\x00\x01\x01\x08\n\x00\x08\xd5\xfe\x00\x08\xd5\xfe\x01\x0e\x00H\x00\x00\x00\x82\x00\x10\x00\x1f\x00\x00\x00\x00\x00\x00\x00\x00\x00\x00\x00\x00\x00\x00\x00\x00\x00\x00\x00\x00\x00\x00\x00\x00\x00\x00\x00\x00\x00\x00\x00\x00\x00\x00\x00\x00\x00\x00\x00\x00\x00\x00\x00\x00\x00\x03\x00\x00\x00\x00\x80\x00\xff\xff\xff\xff\xff\xff\x00\x00\x01\x12\x00\x08\x00\x00\x00\x83', ('127.0.0.1', 0))
('E\x00\x004b4@\x00@\x06\xda\x8d\x7f\x00\x00\x01\x7f\x00\x00\x01\xc1\x1b\x19\xe9\x97\xd5\xb8z\xb6\xc8W\x9b\x80\x10\x02\x00\xfe(\x00\x00\x01\x01\x08\n\x00\x08\xd5\xfe\x00\x08\xd5\xfe', ('127.0.0.1', 0))
('E\x00\x00<b5@\x00@\x06\xda\x84\x7f\x00\x00\x01\x7f\x00\x00\x01\xc1\x1b\x19\xe9\x97\xd5\xb8z\xb6\xc8W\x9b\x80\x18\x02\x00\xfe0\x00\x00\x01\x01\x08\n\x00\x08\xd5\xfe\x00\x08\xd5\xfe\x01\x13\x00\x08\x00\x00\x00\x83', ('127.0.0.1', 0))
('E\x00\x004\x82\xc8@\x00@\x06\xb9\xf9\x7f\x00\x00\x01\x7f\x00\x00\x01\x19\xe9\xc1\x1b\xb6\xc8W\x9b\x97\xd5\xb8\x82\x80\x10\x02\x00\xfe(\x00\x00\x01\x01\x08\n\x00\x08\xd6\x08\x00\x08\xd5\xfe', ('127.0.0.1', 0))
('E\x00\x00\x94b6@\x00@\x06\xda+\x7f\x00\x00\x01\x7f\x00\x00\x01\xc1\x1b\x19\xe9\x97\xd5\xb8\x82\xb6\xc8W\x9b\x80\x18\x02\x00\xfe\x88\x00\x00\x01\x01\x08\n\x00\x08\xd6o\x00\x08\xd6\x08\x01\n\x00`\x00\x00\x00\x00\x00\x00\x01\x00\x00N\x00\x01\x00\x0033\xff\xa5E1*^3\xa5E1\x86\xdd`\x00\x00\x00\x00\x18:\xff\x00\x00\x00\x00\x00\x00\x00\x00\x00\x00\x00\x00\x00\x00\x00\x00\xff\x02\x00\x00\x00\x00\x00\x00\x00\x00\x00\x01\xff\xa5E1\x87\x00\x96\x1c\x00\x00\x00\x00\xfe\x80\x00\x00\x00\x00\x00\x00(^3\xff\xfe\xa5E1', ('127.0.0.1', 0))
('E\x00\x004\x82\xc9@\x00@\x06\xb9\xf8\x7f\x00\x00\x01\x7f\x00\x00\x01\x19\xe9\xc1\x1b\xb6\xc8W\x9b\x97\xd5\xb8\xe2\x80\x10\x02\x00\xfe(\x00\x00\x01\x01\x08\n\x00\x08\xd6o\x00\x08\xd6o', ('127.0.0.1', 0))
('E\x00\x00L\x82\xca@\x00@\x06\xb9\xdf\x7f\x00\x00\x01\x7f\x00\x00\x01\x19\xe9\xc1\x1b\xb6\xc8W\x9b\x97\xd5\xb8\xe2\x80\x18\x02\x00\xfe@\x00\x00\x01\x01\x08\n\x00\x08\xd6y\x00\x08\xd6o\x01\r\x00\x18\x00\x00\x00\x84\x00\x00\x01\x00\x00\x01\x00\x08\x00\x00\x00\x08\xff\xfb\x00\x00', ('127.0.0.1', 0))
('E\x00\x00\x94b7@\x00@\x06\xda*\x7f\x00\x00\x01\x7f\x00\x00\x01\xc1\x1b\x19\xe9\x97\xd5\xb8\xe2\xb6\xc8W\xb3\x80\x18\x02\x00\xfe\x88\x00\x00\x01\x01\x08\n\x00\x08\xd6z\x00\x08\xd6y\x01\n\x00`\x00\x00\x00\x00\x00\x00\x01\x01\x00N\x00\x02\x00\x0033\xff\x00\xe1\x1b\xbe\xdeB\x00\xe1\x1b\x86\xdd`\x00\x00\x00\x00\x18:\xff\x00\x00\x00\x00\x00\x00\x00\x00\x00\x00\x00\x00\x00\x00\x00\x00\xff\x02\x00\x00\x00\x00\x00\x00\x00\x00\x00\x01\xff\x00\xe1\x1b\x87\x00\xbc\x10\x00\x00\x00\x00\xfe\x80\x00\x00\x00\x00\x00\x00\xbc\xdeB\xff\xfe\x00\xe1\x1b', ('127.0.0.1', 0))
('E\x00\x004\x82\xcb@\x00@\x06\xb9\xf6\x7f\x00\x00\x01\x7f\x00\x00\x01\x19\xe9\xc1\x1b\xb6\xc8W\xb3\x97\xd5\xb9B\x80\x10\x02\x00\xfe(\x00\x00\x01\x01\x08\n\x00\x08\xd6z\x00\x08\xd6z', ('127.0.0.1', 0))
('E\x00\x00L\x82\xcc@\x00@\x06\xb9\xdd\x7f\x00\x00\x01\x7f\x00\x00\x01\x19\xe9\xc1\x1b\xb6\xc8W\xb3\x97\xd5\xb9B\x80\x18\x02\x00\xfe@\x00\x00\x01\x01\x08\n\x00\x08\xd6z\x00\x08\xd6z\x01\r\x00\x18\x00\x00\x00\x85\x00\x00\x01\x01\x00\x02\x00\x08\x00\x00\x00\x08\xff\xfb\x00\x00', ('127.0.0.1', 0))
('E\x00\x004b8@\x00@\x06\xda\x89\x7f\x00\x00\x01\x7f\x00\x00\x01\xc1\x1b\x19\xe9\x97\xd5\xb9B\xb6\xc8W\xcb\x80\x10\x02\x00\xfe(\x00\x00\x01\x01\x08\n\x00\x08\xd6\x84\x00\x08\xd6z', ('127.0.0.1', 0))
('E\x00\x00tb9@\x00@\x06\xdaH\x7f\x00\x00\x01\x7f\x00\x00\x01\xc1\x1b\x19\xe9\x97\xd5\xb9B\xb6\xc8W\xcb\x80\x18\x02\x00\xfeh\x00\x00\x01\x01\x08\n\x00\x08\xd6\xd6\x00\x08\xd6z\x01\x0c\x00@\x00\x00\x00\x00\x02\x00\x00\x00\x00\x00\x00\x00\x00\x01\xeek\xa3\xce}\xefs1-eth1\x00\x00\x00\x00\x00\x00\x00\x00\x00\x00\x00\x00\x00\x00\x00\x00\x00\x00\x00\x00\xc0\x00\x00\x00\x00\x00\x00\x00\x00\x00\x00\x00\x00', ('127.0.0.1', 0))
('E\x00\x004\x82\xcd@\x00@\x06\xb9\xf4\x7f\x00\x00\x01\x7f\x00\x00\x01\x19\xe9\xc1\x1b\xb6\xc8W\xcb\x97\xd5\xb9\x82\x80\x10\x02\x00\xfe(\x00\x00\x01\x01\x08\n\x00\x08\xd6\xe0\x00\x08\xd6\xd6', ('127.0.0.1', 0))
('E\x00\x00\x8cb:@\x00@\x06\xda/\x7f\x00\x00\x01\x7f\x00\x00\x01\xc1\x1b\x19\xe9\x97\xd5\xb9\x82\xb6\xc8W\xcb\x80\x18\x02\x00\xfe\x80\x00\x00\x01\x01\x08\n\x00\x08\xd7i\x00\x08\xd6\xe0\x01\n\x00X\x00\x00\x00\x00\x00\x00\x01\x02\x00F\x00\x01\x00\x0033\x00\x00\x00\x02*^3\xa5E1\x86\xdd`\x00\x00\x00\x00\x10:\xff\xfe\x80\x00\x00\x00\x00\x00\x00(^3\xff\xfe\xa5E1\xff\x02\x00\x00\x00\x00\x00\x00\x00\x00\x00\x00\x00\x00\x00\x02\x85\x008\xc5\x00\x00\x00\x00\x01\x01*^3\xa5E1', ('127.0.0.1', 0))
('E\x00\x004\x82\xce@\x00@\x06\xb9\xf3\x7f\x00\x00\x01\x7f\x00\x00\x01\x19\xe9\xc1\x1b\xb6\xc8W\xcb\x97\xd5\xb9\xda\x80\x10\x02\x00\xfe(\x00\x00\x01\x01\x08\n\x00\x08\xd7i\x00\x08\xd7i', ('127.0.0.1', 0))
('E\x00\x00L\x82\xcf@\x00@\x06\xb9\xda\x7f\x00\x00\x01\x7f\x00\x00\x01\x19\xe9\xc1\x1b\xb6\xc8W\xcb\x97\xd5\xb9\xda\x80\x18\x02\x00\xfe@\x00\x00\x01\x01\x08\n\x00\x08\xd7p\x00\x08\xd7i\x01\r\x00\x18\x00\x00\x00\x86\x00\x00\x01\x02\x00\x01\x00\x08\x00\x00\x00\x08\xff\xfb\x00\x00', ('127.0.0.1', 0))
('E\x00\x004b;@\x00@\x06\xda\x86\x7f\x00\x00\x01\x7f\x00\x00\x01\xc1\x1b\x19\xe9\x97\xd5\xb9\xda\xb6\xc8W\xe3\x80\x10\x02\x00\xfe(\x00\x00\x01\x01\x08\n\x00\x08\xd7p\x00\x08\xd7p', ('127.0.0.1', 0))
('E\x00\x00\x8cb<@\x00@\x06\xda-\x7f\x00\x00\x01\x7f\x00\x00\x01\xc1\x1b\x19\xe9\x97\xd5\xb9\xda\xb6\xc8W\xe3\x80\x18\x02\x00\xfe\x80\x00\x00\x01\x01\x08\n\x00\x08\xd7t\x00\x08\xd7p\x01\n\x00X\x00\x00\x00\x00\x00\x00\x01\x03\x00F\x00\x02\x00\x0033\x00\x00\x00\x02\xbe\xdeB\x00\xe1\x1b\x86\xdd`\x00\x00\x00\x00\x10:\xff\xfe\x80\x00\x00\x00\x00\x00\x00\xbc\xdeB\xff\xfe\x00\xe1\x1b\xff\x02\x00\x00\x00\x00\x00\x00\x00\x00\x00\x00\x00\x00\x00\x02\x85\x00\xbb8\x00\x00\x00\x00\x01\x01\xbe\xdeB\x00\xe1\x1b', ('127.0.0.1', 0))
('E\x00\x00L\x82\xd0@\x00@\x06\xb9\xd9\x7f\x00\x00\x01\x7f\x00\x00\x01\x19\xe9\xc1\x1b\xb6\xc8W\xe3\x97\xd5\xba2\x80\x18\x02\x00\xfe@\x00\x00\x01\x01\x08\n\x00\x08\xd7u\x00\x08\xd7t\x01\r\x00\x18\x00\x00\x00\x87\x00\x00\x01\x03\x00\x02\x00\x08\x00\x00\x00\x08\xff\xfb\x00\x00', ('127.0.0.1', 0))
('E\x00\x004b=@\x00@\x06\xda\x84\x7f\x00\x00\x01\x7f\x00\x00\x01\xc1\x1b\x19\xe9\x97\xd5\xba2\xb6\xc8W\xfb\x80\x10\x02\x00\xfe(\x00\x00\x01\x01\x08\n\x00\x08\xd7\x7f\x00\x08\xd7u', ('127.0.0.1', 0))
('E\x00\x00\xa0b>@\x00@\x06\xda\x17\x7f\x00\x00\x01\x7f\x00\x00\x01\xc1\x1b\x19\xe9\x97\xd5\xba2\xb6\xc8W\xfb\x80\x18\x02\x00\xfe\x94\x00\x00\x01\x01\x08\n\x00\x08\xda\xf4\x00\x08\xd7u\x01\n\x00l\x00\x00\x00\x00\x00\x00\x01\x04\x00Z\x00\x02\x00\x0033\x00\x00\x00\x16\xbe\xdeB\x00\xe1\x1b\x86\xdd`\x00\x00\x00\x00$\x00\x01\xfe\x80\x00\x00\x00\x00\x00\x00\xbc\xdeB\xff\xfe\x00\xe1\x1b\xff\x02\x00\x00\x00\x00\x00\x00\x00\x00\x00\x00\x00\x00\x00\x16:\x00\x05\x02\x00\x00\x01\x00\x8f\x00\xb0\xf2\x00\x00\x00\x01\x04\x00\x00\x00\xff\x02\x00\x00\x00\x00\x00\x00\x00\x00\x00\x01\xff\x00\xe1\x1b', ('127.0.0.1', 0))
('E\x00\x004\x82\xd1@\x00@\x06\xb9\xf0\x7f\x00\x00\x01\x7f\x00\x00\x01\x19\xe9\xc1\x1b\xb6\xc8W\xfb\x97\xd5\xba\x9e\x80\x10\x02\x00\xfe(\x00\x00\x01\x01\x08\n\x00\x08\xda\xfe\x00\x08\xda\xf4', ('127.0.0.1', 0))
('E\x00\x00L\x82\xd2@\x00@\x06\xb9\xd7\x7f\x00\x00\x01\x7f\x00\x00\x01\x19\xe9\xc1\x1b\xb6\xc8W\xfb\x97\xd5\xba\x9e\x80\x18\x02\x00\xfe@\x00\x00\x01\x01\x08\n\x00\x08\xda\xff\x00\x08\xda\xf4\x01\r\x00\x18\x00\x00\x00\x88\x00\x00\x01\x04\x00\x02\x00\x08\x00\x00\x00\x08\xff\xfb\x00\x00', ('127.0.0.1', 0))
('E\x00\x004b?@\x00@\x06\xda\x82\x7f\x00\x00\x01\x7f\x00\x00\x01\xc1\x1b\x19\xe9\x97\xd5\xba\x9e\xb6\xc8X\x13\x80\x10\x02\x00\xfe(\x00\x00\x01\x01\x08\n\x00\x08\xda\xff\x00\x08\xda\xff', ('127.0.0.1', 0))
('E\x00\x00\xa0b@@\x00@\x06\xda\x15\x7f\x00\x00\x01\x7f\x00\x00\x01\xc1\x1b\x19\xe9\x97\xd5\xba\x9e\xb6\xc8X\x13\x80\x18\x02\x00\xfe\x94\x00\x00\x01\x01\x08\n\x00\x08\xdb\x18\x00\x08\xda\xff\x01\n\x00l\x00\x00\x00\x00\x00\x00\x01\x05\x00Z\x00\x01\x00\x0033\x00\x00\x00\x16*^3\xa5E1\x86\xdd`\x00\x00\x00\x00$\x00\x01\xfe\x80\x00\x00\x00\x00\x00\x00(^3\xff\xfe\xa5E1\xff\x02\x00\x00\x00\x00\x00\x00\x00\x00\x00\x00\x00\x00\x00\x16:\x00\x05\x02\x00\x00\x01\x00\x8f\x00\x8a\xfe\x00\x00\x00\x01\x04\x00\x00\x00\xff\x02\x00\x00\x00\x00\x00\x00\x00\x00\x00\x01\xff\xa5E1', ('127.0.0.1', 0))
('E\x00\x004\x82\xd3@\x00@\x06\xb9\xee\x7f\x00\x00\x01\x7f\x00\x00\x01\x19\xe9\xc1\x1b\xb6\xc8X\x13\x97\xd5\xbb\n\x80\x10\x02\x00\xfe(\x00\x00\x01\x01\x08\n\x00\x08\xdb\x18\x00\x08\xdb\x18', ('127.0.0.1', 0))
('E\x00\x00L\x82\xd4@\x00@\x06\xb9\xd5\x7f\x00\x00\x01\x7f\x00\x00\x01\x19\xe9\xc1\x1b\xb6\xc8X\x13\x97\xd5\xbb\n\x80\x18\x02\x00\xfe@\x00\x00\x01\x01\x08\n\x00\x08\xdb\x1c\x00\x08\xdb\x18\x01\r\x00\x18\x00\x00\x00\x89\x00\x00\x01\x05\x00\x01\x00\x08\x00\x00\x00\x08\xff\xfb\x00\x00', ('127.0.0.1', 0))
('E\x00\x004bA@\x00@\x06\xda\x80\x7f\x00\x00\x01\x7f\x00\x00\x01\xc1\x1b\x19\xe9\x97\xd5\xbb\n\xb6\xc8X+\x80\x10\x02\x00\xfe(\x00\x00\x01\x01\x08\n\x00\x08\xdb\x1c\x00\x08\xdb\x1c', ('127.0.0.1', 0))
("E\x00\x00\x8cbB@\x00@\x06\xda'\x7f\x00\x00\x01\x7f\x00\x00\x01\xc1\x1b\x19\xe9\x97\xd5\xbb\n\xb6\xc8X+\x80\x18\x02\x00\xfe\x80\x00\x00\x01\x01\x08\n\x00\x08\xdbT\x00\x08\xdb\x1c\x01\n\x00X\x00\x00\x00\x00\x00\x00\x01\x06\x00F\x00\x01\x00\x0033\x00\x00\x00\x02*^3\xa5E1\x86\xdd`\x00\x00\x00\x00\x10:\xff\xfe\x80\x00\x00\x00\x00\x00\x00(^3\xff\xfe\xa5E1\xff\x02\x00\x00\x00\x00\x00\x00\x00\x00\x00\x00\x00\x00\x00\x02\x85\x008\xc5\x00\x00\x00\x00\x01\x01*^3\xa5E1", ('127.0.0.1', 0))
('E\x00\x004\x82\xd5@\x00@\x06\xb9\xec\x7f\x00\x00\x01\x7f\x00\x00\x01\x19\xe9\xc1\x1b\xb6\xc8X+\x97\xd5\xbbb\x80\x10\x02\x00\xfe(\x00\x00\x01\x01\x08\n\x00\x08\xdb^\x00\x08\xdbT', ('127.0.0.1', 0))
('E\x00\x00\x8cbC@\x00@\x06\xda&\x7f\x00\x00\x01\x7f\x00\x00\x01\xc1\x1b\x19\xe9\x97\xd5\xbbb\xb6\xc8X+\x80\x18\x02\x00\xfe\x80\x00\x00\x01\x01\x08\n\x00\x08\xdb^\x00\x08\xdb^\x01\n\x00X\x00\x00\x00\x00\x00\x00\x01\x07\x00F\x00\x02\x00\x0033\x00\x00\x00\x02\xbe\xdeB\x00\xe1\x1b\x86\xdd`\x00\x00\x00\x00\x10:\xff\xfe\x80\x00\x00\x00\x00\x00\x00\xbc\xdeB\xff\xfe\x00\xe1\x1b\xff\x02\x00\x00\x00\x00\x00\x00\x00\x00\x00\x00\x00\x00\x00\x02\x85\x00\xbb8\x00\x00\x00\x00\x01\x01\xbe\xdeB\x00\xe1\x1b', ('127.0.0.1', 0))
('E\x00\x004\x82\xd6@\x00@\x06\xb9\xeb\x7f\x00\x00\x01\x7f\x00\x00\x01\x19\xe9\xc1\x1b\xb6\xc8X+\x97\xd5\xbb\xba\x80\x10\x02\x00\xfe(\x00\x00\x01\x01\x08\n\x00\x08\xdb^\x00\x08\xdb^', ('127.0.0.1', 0))
('E\x00\x00L\x82\xd7@\x00@\x06\xb9\xd2\x7f\x00\x00\x01\x7f\x00\x00\x01\x19\xe9\xc1\x1b\xb6\xc8X+\x97\xd5\xbb\xba\x80\x18\x02\x00\xfe@\x00\x00\x01\x01\x08\n\x00\x08\xdb_\x00\x08\xdb^\x01\r\x00\x18\x00\x00\x00\x8a\x00\x00\x01\x06\x00\x01\x00\x08\x00\x00\x00\x08\xff\xfb\x00\x00', ('127.0.0.1', 0))
('E\x00\x004bD@\x00@\x06\xda}\x7f\x00\x00\x01\x7f\x00\x00\x01\xc1\x1b\x19\xe9\x97\xd5\xbb\xba\xb6\xc8XC\x80\x10\x02\x00\xfe(\x00\x00\x01\x01\x08\n\x00\x08\xdb_\x00\x08\xdb_', ('127.0.0.1', 0))
('E\x00\x00L\x82\xd8@\x00@\x06\xb9\xd1\x7f\x00\x00\x01\x7f\x00\x00\x01\x19\xe9\xc1\x1b\xb6\xc8XC\x97\xd5\xbb\xba\x80\x18\x02\x00\xfe@\x00\x00\x01\x01\x08\n\x00\x08\xdb_\x00\x08\xdb_\x01\r\x00\x18\x00\x00\x00\x8b\x00\x00\x01\x07\x00\x02\x00\x08\x00\x00\x00\x08\xff\xfb\x00\x00', ('127.0.0.1', 0))
('E\x00\x004bE@\x00@\x06\xda|\x7f\x00\x00\x01\x7f\x00\x00\x01\xc1\x1b\x19\xe9\x97\xd5\xbb\xba\xb6\xc8X[\x80\x10\x02\x00\xfe(\x00\x00\x01\x01\x08\n\x00\x08\xdb_\x00\x08\xdb_', ('127.0.0.1', 0))
('E\x00\x00\x8cbF@\x00@\x06\xda#\x7f\x00\x00\x01\x7f\x00\x00\x01\xc1\x1b\x19\xe9\x97\xd5\xbb\xba\xb6\xc8X[\x80\x18\x02\x00\xfe\x80\x00\x00\x01\x01\x08\n\x00\x08\xdf>\x00\x08\xdb_\x01\n\x00X\x00\x00\x00\x00\x00\x00\x01\x08\x00F\x00\x01\x00\x0033\x00\x00\x00\x02*^3\xa5E1\x86\xdd`\x00\x00\x00\x00\x10:\xff\xfe\x80\x00\x00\x00\x00\x00\x00(^3\xff\xfe\xa5E1\xff\x02\x00\x00\x00\x00\x00\x00\x00\x00\x00\x00\x00\x00\x00\x02\x85\x008\xc5\x00\x00\x00\x00\x01\x01*^3\xa5E1', ('127.0.0.1', 0))
('E\x00\x00L\x82\xd9@\x00@\x06\xb9\xd0\x7f\x00\x00\x01\x7f\x00\x00\x01\x19\xe9\xc1\x1b\xb6\xc8X[\x97\xd5\xbc\x12\x80\x18\x02\x00\xfe@\x00\x00\x01\x01\x08\n\x00\x08\xdfC\x00\x08\xdf>\x01\r\x00\x18\x00\x00\x00\x8c\x00\x00\x01\x08\x00\x01\x00\x08\x00\x00\x00\x08\xff\xfb\x00\x00', ('127.0.0.1', 0))
('E\x00\x004bG@\x00@\x06\xdaz\x7f\x00\x00\x01\x7f\x00\x00\x01\xc1\x1b\x19\xe9\x97\xd5\xbc\x12\xb6\xc8Xs\x80\x10\x02\x00\xfe(\x00\x00\x01\x01\x08\n\x00\x08\xdfC\x00\x08\xdfC', ('127.0.0.1', 0))
('E\x00\x00\x8cbH@\x00@\x06\xda!\x7f\x00\x00\x01\x7f\x00\x00\x01\xc1\x1b\x19\xe9\x97\xd5\xbc\x12\xb6\xc8Xs\x80\x18\x02\x00\xfe\x80\x00\x00\x01\x01\x08\n\x00\x08\xdfH\x00\x08\xdfC\x01\n\x00X\x00\x00\x00\x00\x00\x00\x01\t\x00F\x00\x02\x00\x0033\x00\x00\x00\x02\xbe\xdeB\x00\xe1\x1b\x86\xdd`\x00\x00\x00\x00\x10:\xff\xfe\x80\x00\x00\x00\x00\x00\x00\xbc\xdeB\xff\xfe\x00\xe1\x1b\xff\x02\x00\x00\x00\x00\x00\x00\x00\x00\x00\x00\x00\x00\x00\x02\x85\x00\xbb8\x00\x00\x00\x00\x01\x01\xbe\xdeB\x00\xe1\x1b', ('127.0.0.1', 0))
('E\x00\x00L\x82\xda@\x00@\x06\xb9\xcf\x7f\x00\x00\x01\x7f\x00\x00\x01\x19\xe9\xc1\x1b\xb6\xc8Xs\x97\xd5\xbcj\x80\x18\x02\x00\xfe@\x00\x00\x01\x01\x08\n\x00\x08\xdfK\x00\x08\xdfH\x01\r\x00\x18\x00\x00\x00\x8d\x00\x00\x01\t\x00\x02\x00\x08\x00\x00\x00\x08\xff\xfb\x00\x00', ('127.0.0.1', 0))
('E\x00\x004bI@\x00@\x06\xdax\x7f\x00\x00\x01\x7f\x00\x00\x01\xc1\x1b\x19\xe9\x97\xd5\xbcj\xb6\xc8X\x8b\x80\x10\x02\x00\xfe(\x00\x00\x01\x01\x08\n\x00\x08\xdfU\x00\x08\xdfK', ('127.0.0.1', 0))
('E\x00\x00tbJ@\x00@\x06\xda7\x7f\x00\x00\x01\x7f\x00\x00\x01\xc1\x1b\x19\xe9\x97\xd5\xbcj\xb6\xc8X\x8b\x80\x18\x02\x00\xfeh\x00\x00\x01\x01\x08\n\x00\x08\xe1N\x00\x08\xdfK\x01\x0c\x00@\x00\x00\x00\x00\x01\x00\x00\x00\x00\x00\x00\x00\x00\x01\xeek\xa3\xce}\xefs1-eth1\x00\x00\x00\x00\x00\x00\x00\x00\x00\x00\x00\x00\x00\x00\x00\x00\x00\x00\x00\x00\xc0\x00\x00\x00\x00\x00\x00\x00\x00\x00\x00\x00\x00', ('127.0.0.1', 0))
('E\x00\x00tbK@\x00@\x06\xda6\x7f\x00\x00\x01\x7f\x00\x00\x01\xc1\x1b\x19\xe9\x97\xd5\xbc\xaa\xb6\xc8X\x8b\x80\x18\x02\x00\xfeh\x00\x00\x01\x01\x08\n\x00\x08\xe1N\x00\x08\xdfK\x01\x0c\x00@\x00\x00\x00\x00\x01\x00\x00\x00\x00\x00\x00\x00\x00\x02\xfa\x89i\xbb\xfe\x04s1-eth2\x00\x00\x00\x00\x00\x00\x00\x00\x00\x00\x00\x00\x00\x00\x00\x00\x00\x00\x00\x00\xc0\x00\x00\x00\x00\x00\x00\x00\x00\x00\x00\x00\x00', ('127.0.0.1', 0))
('E\x00\x004bL@\x00@\x06\xdau\x7f\x00\x00\x01\x7f\x00\x00\x01\xc1\x1b\x19\xe9\x97\xd5\xbc\xea\xb6\xc8X\x8b\x80\x11\x02\x00\xfe(\x00\x00\x01\x01\x08\n\x00\x08\xe1N\x00\x08\xdfK', ('127.0.0.1', 0))
('E\x00\x004\x82\xdb@\x00@\x06\xb9\xe6\x7f\x00\x00\x01\x7f\x00\x00\x01\x19\xe9\xc1\x1b\xb6\xc8X\x8b\x97\xd5\xbc\xeb\x80\x10\x02\x00\xfe(\x00\x00\x01\x01\x08\n\x00\x08\xe1P\x00\x08\xe1N', ('127.0.0.1', 0))
('E\x00\x004\x82\xdc@\x00@\x06\xb9\xe5\x7f\x00\x00\x01\x7f\x00\x00\x01\x19\xe9\xc1\x1b\xb6\xc8X\x8b\x97\xd5\xbc\xeb\x80\x11\x02\x00\xfe(\x00\x00\x01\x01\x08\n\x00\x08\xe1P\x00\x08\xe1N', ('127.0.0.1', 0))
('E\x00\x004\x00\x00@\x00@\x06<\xc2\x7f\x00\x00\x01\x7f\x00\x00\x01\xc1\x1b\x19\xe9\x97\xd5\xbc\xeb\xb6\xc8X\x8c\x80\x10\x02\x00t\xee\x00\x00\x01\x01\x08\n\x00\x08\xe1P\x00\x08\xe1P', ('127.0.0.1', 0))
